Date,Product,Category,Quantity,Unit Price,Discount,Revenue,Region
2025-01-01,Headphones,Accessories,5,48.06,0.0,240.3,Rajshahi
2025-01-04,Office Chair,Furniture,8,212.71,0.0,1701.68,Dhaka
2025-01-05,Printer,Office,4,229.46,0.1,826.06,Sylhet
2025-01-05,Mouse,Accessories,5,17.36,0.15,73.78,Dhaka
2025-01-07,Headphones,Accessories,7,81.44,0.05,541.58,Rajshahi
2025-01-08,Smartphone,Electronics,4,526.4,0.0,2105.6,Rajshahi
2025-01-09,Smartphone,Electronics,2,516.38,0.15,877.85,Khulna
2025-01-10,Monitor,Electronics,5,330.74,0.1,1488.33,Chattogram
2025-01-11,Smartphone,Electronics,7,432.89,0.1,2727.21,Rajshahi
2025-01-12,Smartphone,Electronics,8,320.25,0.1,2305.8,Rajshahi
2025-01-15,Printer,Office,5,184.41,0.05,875.95,Rajshahi
2025-01-19,Laptop,Electronics,4,652.17,0.0,2608.68,Sylhet
2025-01-25,Laptop,Electronics,5,768.72,0.1,3459.24,Chattogram
2025-01-26,Printer,Office,8,211.72,0.0,1693.76,Chattogram
2025-01-28,Smartphone,Electronics,7,412.73,0.0,2889.11,Rajshahi
2025-01-29,Keyboard,Accessories,5,22.69,0.05,107.78,Sylhet
2025-02-02,Laptop,Electronics,5,759.12,0.15,3226.26,Rajshahi
2025-02-02,Office Chair,Furniture,7,130.43,0.15,776.06,Sylhet
2025-02-03,Laptop,Electronics,5,780.28,0.0,3901.4,Rajshahi
2025-02-05,Mouse,Accessories,4,28.19,0.0,112.76,Khulna
2025-02-07,Printer,Office,3,165.35,0.0,496.05,Khulna
2025-02-08,Headphones,Accessories,6,86.69,0.05,494.13,Chattogram
2025-02-08,Headphones,Accessories,3,39.28,0.1,106.06,Rajshahi
2025-02-08,Monitor,Electronics,3,223.13,0.0,669.39,Rajshahi
2025-02-10,Mouse,Accessories,7,15.8,0.0,110.6,Dhaka
2025-02-11,Smartphone,Electronics,7,648.58,0.0,4540.06,Khulna
2025-02-16,Laptop,Electronics,1,789.15,0.0,789.15,Khulna
2025-02-16,Laptop,Electronics,6,666.35,0.05,3798.2,Khulna
2025-02-18,Headphones,Accessories,3,56.99,0.1,153.87,Rajshahi
2025-02-20,Laptop,Electronics,4,697.64,0.0,2790.56,Sylhet
2025-02-20,Monitor,Electronics,8,287.29,0.0,2298.32,Khulna
2025-02-20,Laptop,Electronics,5,809.29,0.0,4046.45,Dhaka
2025-02-22,Keyboard,Accessories,3,53.2,0.1,143.64,Dhaka
2025-02-22,Mouse,Accessories,2,31.54,0.0,63.08,Khulna
2025-02-22,Printer,Office,8,222.65,0.15,1514.02,Khulna
2025-02-23,Monitor,Electronics,3,333.2,0.0,999.6,Sylhet
2025-02-24,Keyboard,Accessories,8,36.34,0.15,247.11,Sylhet
2025-02-24,Printer,Office,3,168.53,0.0,505.59,Sylhet
2025-02-27,Printer,Office,2,123.3,0.15,209.61,Dhaka
2025-03-03,Laptop,Electronics,2,761.35,0.0,1522.7,Sylhet
2025-03-03,Keyboard,Accessories,8,33.64,0.15,228.75,Sylhet
2025-03-04,Laptop,Electronics,6,815.83,0.0,4894.98,Khulna
2025-03-07,Headphones,Accessories,3,84.67,0.1,228.61,Chattogram
2025-03-08,Laptop,Electronics,5,745.92,0.1,3356.64,Chattogram
2025-03-17,Laptop,Electronics,7,841.36,0.1,5300.57,Sylhet
2025-03-19,Smartphone,Electronics,6,425.59,0.15,2170.51,Chattogram
2025-03-19,Smartphone,Electronics,5,412.55,0.0,2062.75,Dhaka
2025-03-19,Office Chair,Furniture,2,187.17,0.05,355.62,Sylhet
2025-03-19,Laptop,Electronics,6,700.29,0.15,3571.48,Khulna
2025-03-22,Office Chair,Furniture,3,192.72,0.05,549.25,Khulna
2025-03-25,Laptop,Electronics,1,761.46,0.1,685.31,Khulna
2025-03-25,Laptop,Electronics,7,786.3,0.0,5504.1,Dhaka
2025-03-27,Smartphone,Electronics,7,311.88,0.15,1855.69,Dhaka
2025-03-27,Laptop,Electronics,5,673.21,0.15,2861.14,Dhaka
2025-03-27,Keyboard,Accessories,2,41.85,0.0,83.7,Khulna
2025-03-28,Mouse,Accessories,2,15.22,0.05,28.92,Dhaka
2025-03-30,Keyboard,Accessories,7,44.26,0.0,309.82,Khulna
2025-03-30,Smartphone,Electronics,8,458.18,0.05,3482.17,Khulna
2025-03-31,Monitor,Electronics,2,224.32,0.1,403.78,Chattogram
2025-04-02,Printer,Office,2,128.96,0.05,245.02,Khulna
2025-04-03,Office Chair,Furniture,2,168.25,0.05,319.68,Sylhet
2025-04-04,Monitor,Electronics,6,299.62,0.1,1617.95,Chattogram
2025-04-05,Office Chair,Furniture,7,177.3,0.0,1241.1,Sylhet
2025-04-05,Headphones,Accessories,3,66.1,0.0,198.3,Sylhet
2025-04-06,Office Chair,Furniture,7,211.0,0.15,1255.45,Rajshahi
2025-04-06,Keyboard,Accessories,6,24.88,0.15,126.89,Sylhet
2025-04-06,Office Chair,Furniture,6,168.42,0.05,959.99,Rajshahi
2025-04-08,Laptop,Electronics,3,676.77,0.15,1725.76,Rajshahi
2025-04-08,Monitor,Electronics,6,271.08,0.0,1626.48,Dhaka
2025-04-10,Office Chair,Furniture,8,174.62,0.15,1187.42,Chattogram
2025-04-11,Printer,Office,6,230.36,0.15,1174.84,Chattogram
2025-04-11,Laptop,Electronics,8,804.0,0.1,5788.8,Rajshahi
2025-04-11,Monitor,Electronics,4,289.81,0.0,1159.24,Sylhet
2025-04-12,Smartphone,Electronics,4,426.34,0.1,1534.82,Sylhet
2025-04-13,Keyboard,Accessories,5,26.42,0.15,112.29,Khulna
2025-04-13,Smartphone,Electronics,3,334.99,0.05,954.72,Khulna
2025-04-16,Monitor,Electronics,3,315.18,0.05,898.26,Rajshahi
2025-04-21,Office Chair,Furniture,4,167.09,0.1,601.52,Rajshahi
2025-04-21,Office Chair,Furniture,8,146.12,0.05,1110.51,Chattogram
2025-04-22,Monitor,Electronics,1,292.8,0.15,248.88,Chattogram
2025-04-22,Laptop,Electronics,4,755.93,0.0,3023.72,Dhaka
2025-04-23,Office Chair,Furniture,4,206.81,0.1,744.52,Sylhet
2025-04-24,Mouse,Accessories,3,32.18,0.1,86.89,Dhaka
2025-04-25,Laptop,Electronics,6,798.34,0.0,4790.04,Khulna
2025-05-03,Smartphone,Electronics,1,336.02,0.15,285.62,Rajshahi
2025-05-04,Headphones,Accessories,6,73.27,0.05,417.64,Rajshahi
2025-05-06,Smartphone,Electronics,4,341.59,0.15,1161.41,Dhaka
2025-05-06,Smartphone,Electronics,5,471.31,0.1,2120.9,Sylhet
2025-05-08,Laptop,Electronics,8,668.73,0.05,5082.35,Khulna
2025-05-08,Smartphone,Electronics,7,613.63,0.0,4295.41,Dhaka
2025-05-09,Smartphone,Electronics,2,354.75,0.0,709.5,Dhaka
2025-05-09,Laptop,Electronics,5,787.68,0.0,3938.4,Dhaka
2025-05-12,Keyboard,Accessories,6,44.79,0.05,255.3,Khulna
2025-05-14,Keyboard,Accessories,4,27.65,0.1,99.54,Sylhet
2025-05-15,Mouse,Accessories,1,13.5,0.1,12.15,Dhaka
2025-05-17,Smartphone,Electronics,4,432.73,0.0,1730.92,Rajshahi
2025-05-22,Office Chair,Furniture,6,165.56,0.05,943.69,Rajshahi
2025-05-23,Keyboard,Accessories,2,23.29,0.05,44.25,Dhaka
2025-05-24,Mouse,Accessories,5,18.74,0.0,93.7,Rajshahi
2025-05-25,Laptop,Electronics,1,732.24,0.15,622.4,Rajshahi
2025-05-26,Office Chair,Furniture,7,109.55,0.15,651.82,Chattogram
2025-05-28,Office Chair,Furniture,7,112.67,0.0,788.69,Chattogram
2025-05-29,Headphones,Accessories,8,59.05,0.1,425.16,Dhaka
2025-05-30,Mouse,Accessories,6,20.4,0.1,110.16,Sylhet
2025-05-30,Smartphone,Electronics,4,374.44,0.0,1497.76,Dhaka
2025-05-31,Printer,Office,6,210.45,0.1,1136.43,Chattogram
2025-06-01,Monitor,Electronics,8,330.92,0.1,2382.62,Sylhet
2025-06-03,Smartphone,Electronics,5,360.09,0.15,1530.38,Sylhet
2025-06-06,Monitor,Electronics,1,232.99,0.15,198.04,Sylhet
2025-06-06,Printer,Office,4,213.89,0.0,855.56,Sylhet
2025-06-09,Headphones,Accessories,4,66.65,0.0,266.6,Sylhet
2025-06-10,Keyboard,Accessories,1,37.29,0.1,33.56,Sylhet
2025-06-10,Keyboard,Accessories,2,38.37,0.1,69.07,Dhaka
2025-06-11,Keyboard,Accessories,1,20.89,0.1,18.8,Chattogram
2025-06-12,Printer,Office,5,165.62,0.0,828.1,Rajshahi
2025-06-14,Monitor,Electronics,5,249.09,0.0,1245.45,Chattogram
2025-06-17,Smartphone,Electronics,1,587.65,0.0,587.65,Chattogram
2025-06-21,Office Chair,Furniture,6,205.34,0.0,1232.04,Sylhet
2025-06-21,Keyboard,Accessories,6,53.39,0.15,272.29,Sylhet
2025-06-22,Office Chair,Furniture,5,95.61,0.15,406.34,Khulna
2025-06-22,Keyboard,Accessories,5,26.55,0.1,119.48,Sylhet
2025-06-24,Smartphone,Electronics,2,487.06,0.0,974.12,Chattogram
2025-06-27,Keyboard,Accessories,4,32.61,0.1,117.4,Sylhet
2025-06-28,Printer,Office,8,202.73,0.1,1459.66,Khulna
2025-06-29,Laptop,Electronics,6,844.36,0.1,4559.54,Rajshahi
2025-07-02,Mouse,Accessories,7,29.35,0.0,205.45,Dhaka
2025-07-03,Headphones,Accessories,1,75.05,0.15,63.79,Rajshahi
2025-07-05,Printer,Office,6,157.25,0.0,943.5,Chattogram
2025-07-06,Printer,Office,8,193.63,0.0,1549.04,Khulna
2025-07-06,Laptop,Electronics,2,750.54,0.15,1275.92,Dhaka
2025-07-07,Laptop,Electronics,4,708.89,0.15,2410.23,Dhaka
2025-07-09,Office Chair,Furniture,5,140.53,0.0,702.65,Khulna
2025-07-09,Smartphone,Electronics,6,316.44,0.1,1708.78,Sylhet
2025-07-11,Headphones,Accessories,1,75.24,0.1,67.72,Chattogram
2025-07-12,Headphones,Accessories,5,68.17,0.0,340.85,Khulna
2025-07-16,Printer,Office,5,249.56,0.15,1060.63,Khulna
2025-07-17,Mouse,Accessories,8,19.16,0.15,130.29,Sylhet
2025-07-20,Smartphone,Electronics,2,337.31,0.0,674.62,Dhaka
2025-07-21,Monitor,Electronics,8,347.51,0.0,2780.08,Chattogram
2025-07-21,Monitor,Electronics,4,281.64,0.1,1013.9,Dhaka
2025-07-22,Keyboard,Accessories,5,28.85,0.05,137.04,Rajshahi
2025-07-29,Headphones,Accessories,2,85.52,0.05,162.49,Sylhet
2025-07-30,Monitor,Electronics,8,259.6,0.0,2076.8,Khulna
2025-07-31,Laptop,Electronics,4,698.48,0.0,2793.92,Chattogram
2025-08-03,Mouse,Accessories,6,26.66,0.0,159.96,Chattogram
2025-08-08,Headphones,Accessories,4,35.29,0.0,141.16,Sylhet
2025-08-10,Monitor,Electronics,3,206.39,0.0,619.17,Khulna
2025-08-13,Printer,Office,7,189.14,0.15,1125.38,Sylhet
2025-08-15,Keyboard,Accessories,3,49.62,0.05,141.42,Khulna
2025-08-19,Smartphone,Electronics,1,620.24,0.0,620.24,Rajshahi
2025-08-21,Mouse,Accessories,8,19.61,0.15,133.35,Sylhet
2025-08-21,Headphones,Accessories,3,74.93,0.05,213.55,Rajshahi
2025-08-25,Mouse,Accessories,1,33.96,0.15,28.87,Khulna
2025-08-28,Mouse,Accessories,5,32.95,0.15,140.04,Chattogram
2025-08-28,Headphones,Accessories,3,64.55,0.05,183.97,Rajshahi
2025-08-30,Headphones,Accessories,7,38.92,0.15,231.57,Chattogram
2025-08-31,Printer,Office,8,210.6,0.0,1684.8,Rajshahi
2025-09-04,Headphones,Accessories,4,66.13,0.05,251.29,Khulna
2025-09-04,Smartphone,Electronics,3,389.67,0.15,993.66,Rajshahi
2025-09-07,Headphones,Accessories,2,62.56,0.15,106.35,Khulna
2025-09-08,Mouse,Accessories,5,12.61,0.0,63.05,Dhaka
2025-09-09,Headphones,Accessories,4,35.91,0.05,136.46,Sylhet
2025-09-10,Keyboard,Accessories,7,38.78,0.0,271.46,Rajshahi
2025-09-12,Mouse,Accessories,8,14.39,0.15,97.85,Sylhet
2025-09-12,Monitor,Electronics,7,186.87,0.0,1308.09,Chattogram
2025-09-13,Headphones,Accessories,8,55.5,0.0,444.0,Chattogram
2025-09-13,Mouse,Accessories,7,33.14,0.0,231.98,Chattogram
2025-09-17,Monitor,Electronics,1,294.19,0.0,294.19,Rajshahi
2025-09-18,Printer,Office,2,248.69,0.15,422.77,Chattogram
2025-09-18,Mouse,Accessories,6,29.8,0.0,178.8,Chattogram
2025-09-19,Mouse,Accessories,2,19.56,0.05,37.16,Sylhet
2025-09-20,Laptop,Electronics,7,819.63,0.15,4876.8,Sylhet
2025-09-21,Printer,Office,3,238.21,0.1,643.17,Chattogram
2025-09-28,Monitor,Electronics,6,313.48,0.05,1786.84,Rajshahi
2025-09-30,Office Chair,Furniture,1,107.76,0.15,91.6,Chattogram
2025-10-01,Smartphone,Electronics,6,486.42,0.0,2918.52,Khulna
2025-10-04,Mouse,Accessories,2,18.41,0.15,31.3,Khulna
2025-10-04,Mouse,Accessories,1,24.6,0.15,20.91,Dhaka
2025-10-07,Smartphone,Electronics,1,398.33,0.1,358.5,Khulna
2025-10-08,Printer,Office,1,138.12,0.05,131.21,Rajshahi
2025-10-10,Monitor,Electronics,1,319.06,0.0,319.06,Sylhet
2025-10-10,Mouse,Accessories,4,16.18,0.0,64.72,Chattogram
2025-10-12,Mouse,Accessories,4,14.32,0.0,57.28,Khulna
2025-10-13,Headphones,Accessories,5,45.25,0.05,214.94,Sylhet
2025-10-13,Laptop,Electronics,4,783.78,0.0,3135.12,Khulna
2025-10-13,Office Chair,Furniture,8,166.37,0.0,1330.96,Sylhet
2025-10-14,Monitor,Electronics,3,281.56,0.1,760.21,Khulna
2025-10-16,Monitor,Electronics,4,276.88,0.0,1107.52,Khulna
2025-10-18,Printer,Office,4,189.86,0.05,721.47,Chattogram
2025-10-21,Smartphone,Electronics,2,522.83,0.05,993.38,Sylhet
2025-10-22,Smartphone,Electronics,3,405.31,0.0,1215.93,Dhaka
2025-10-23,Laptop,Electronics,6,832.14,0.0,4992.84,Khulna
2025-10-29,Headphones,Accessories,4,85.15,0.0,340.6,Dhaka
2025-10-31,Monitor,Electronics,4,274.91,0.05,1044.66,Dhaka
2025-11-01,Mouse,Accessories,1,33.86,0.0,33.86,Rajshahi
2025-11-02,Keyboard,Accessories,1,39.32,0.15,33.42,Sylhet
2025-11-03,Smartphone,Electronics,4,385.44,0.05,1464.67,Dhaka
2025-11-04,Laptop,Electronics,6,740.18,0.1,3996.97,Chattogram
2025-11-05,Laptop,Electronics,2,810.57,0.15,1377.97,Chattogram
2025-11-05,Printer,Office,2,238.87,0.0,477.74,Khulna
2025-11-06,Mouse,Accessories,7,31.37,0.1,197.63,Chattogram
2025-11-07,Office Chair,Furniture,4,107.26,0.0,429.04,Rajshahi
2025-11-08,Laptop,Electronics,6,737.27,0.0,4423.62,Rajshahi
2025-11-08,Laptop,Electronics,2,656.24,0.1,1181.23,Sylhet
2025-11-09,Laptop,Electronics,8,746.01,0.15,5072.87,Khulna
2025-11-09,Keyboard,Accessories,5,26.8,0.1,120.6,Sylhet
2025-11-11,Mouse,Accessories,6,25.93,0.0,155.58,Khulna
2025-11-12,Monitor,Electronics,2,245.52,0.0,491.04,Khulna
2025-11-13,Office Chair,Furniture,3,164.36,0.0,493.08,Dhaka
2025-11-14,Keyboard,Accessories,4,34.3,0.15,116.62,Sylhet
2025-11-14,Monitor,Electronics,7,189.46,0.0,1326.22,Sylhet
2025-11-14,Office Chair,Furniture,8,188.59,0.15,1282.41,Dhaka
2025-11-15,Monitor,Electronics,7,218.66,0.15,1301.03,Dhaka
2025-11-16,Mouse,Accessories,8,31.04,0.15,211.07,Rajshahi
2025-11-19,Laptop,Electronics,1,780.3,0.05,741.28,Rajshahi
2025-11-19,Office Chair,Furniture,6,102.63,0.0,615.78,Sylhet
2025-11-20,Mouse,Accessories,8,12.53,0.0,100.24,Dhaka
2025-11-22,Laptop,Electronics,5,742.16,0.0,3710.8,Chattogram
2025-11-22,Smartphone,Electronics,8,341.21,0.1,2456.71,Dhaka
2025-11-26,Laptop,Electronics,4,663.25,0.15,2255.05,Chattogram
2025-11-29,Headphones,Accessories,3,37.85,0.0,113.55,Chattogram
2025-12-03,Smartphone,Electronics,4,582.17,0.0,2328.68,Sylhet
2025-12-04,Smartphone,Electronics,6,456.95,0.15,2330.44,Dhaka
2025-12-06,Keyboard,Accessories,7,43.91,0.1,276.63,Khulna
2025-12-07,Printer,Office,4,142.52,0.15,484.57,Chattogram
2025-12-08,Laptop,Electronics,4,657.77,0.05,2499.53,Rajshahi
2025-12-08,Keyboard,Accessories,1,53.15,0.0,53.15,Khulna
2025-12-10,Laptop,Electronics,4,708.7,0.05,2693.06,Sylhet
2025-12-10,Keyboard,Accessories,6,27.43,0.1,148.12,Khulna
2025-12-12,Monitor,Electronics,4,201.19,0.0,804.76,Dhaka
2025-12-15,Office Chair,Furniture,1,161.72,0.05,153.63,Sylhet
2025-12-19,Printer,Office,7,185.35,0.0,1297.45,Dhaka
2025-12-25,Monitor,Electronics,8,270.8,0.15,1841.44,Dhaka
2025-12-26,Laptop,Electronics,7,769.08,0.15,4576.03,Sylhet
2025-12-26,Laptop,Electronics,3,718.21,0.0,2154.63,Chattogram
2025-12-26,Keyboard,Accessories,2,34.88,0.0,69.76,Rajshahi
2025-12-26,Keyboard,Accessories,8,34.41,0.05,261.52,Sylhet
2025-12-30,Monitor,Electronics,7,252.12,0.0,1764.84,Sylhet
2025-12-30,Headphones,Accessories,3,48.65,0.0,145.95,Rajshahi
2025-12-31,Office Chair,Furniture,4,141.65,0.15,481.61,Khulna
